/product/blackburn-chamber-hv-floor-pump,/collections/blackburn
/product/blackburn-click-usb-rear-light,/collections/blackburn
/brand/blackburn,/collections/blackburn/
/product/blackburn-central-100-front-light,/product-category/accessories/lights/
/products/blackburn-central-100-front-light,/product-category/accessories/lights/
/product/blackburn-2fer-front-or-rear-light-2-black,/products/blackburn-2fer-front-or-rear-light-2-black
/product/blackburn-2fer-xl-front-or-rear-bike-light-2-pack-black,/products/blackburn-2fer-front-or-rear-light-2-black
/products/blackburn-2fer-xl-front-or-rear-bike-light-2-pack-black,/products/blackburn-2fer-front-or-rear-light-2-black
/product/blackburn-2fer-usb-light-2-pack,/products/blackburn-2fer-usb-light-2-pack
/product/blackburn-2fer-usb-light-black,/products/blackburn-2fer-usb-light-black
/product/blackburn-airstik-2-stage-mini-pump,/products/blackburn-airstik-2-stage-mini-pump
/products/blackburn-airstik-anyvalve-mini-pump-pewter,/products/blackburn-airstik-anyvalve-mini-pump
/product/blackburn-airstik-sl-mini-pump,/products/blackburn-airstik-sl-mini-pump
/product/blackburn-angola-cable-lock,/products/blackburn-angola-cable-lock
/product/blackburn-big-switch-mini-tool,/products/blackburn-big-switch-mini-tool
/product/blackburn-central-50-rear-light,/products/blackburn-central-50-rear-light
/product/blackburn-central-50-rear-light-black,/products/blackburn-central-50-rear-light
/products/blackburn-central-50-rear-light-black,/products/blackburn-central-50-rear-light
/product/blackburn-chamber-hv-floor-pump-camo,/products/blackburn-chamber-hv-floor-pump-camo
/product/blackburn-chamber-tubeless-floor-pump-black-grey-silver,/products/blackburn-chamber-tubeless-pump
/product/blackburn-chamber-tubeless-pump,/products/blackburn-chamber-tubeless-pump
/products/blackburn-chamber-tubeless-floor-pump-black-grey-silver,/products/blackburn-chamber-tubeless-pump
/product/blackburn-click-usb-front-light,/products/blackburn-click-usb-front-light
/product/blackburn-core-2-floor-pump,/products/blackburn-core-2-floor-pump
/product/blackburn-core-2-floor-pump-black,/products/blackburn-core-2-floor-pump
/products/blackburn-core-2-floor-pump-black,/products/blackburn-core-2-floor-pump
/product/blackburn-core-3-floor-pump,/products/blackburn-core-3-floor-pump
/product/blackburn-core-3-floor-pump-silver,/products/blackburn-core-3-floor-pump
/products/blackburn-core-3-floor-pump-silver,/products/blackburn-core-3-floor-pump
/products/blackburn-core-c02fer-mini-pump-pewter,/products/blackburn-core-c02fer-mini-pump
/product/blackburn-core-pro-floor-pump,/products/blackburn-core-pro-floor-pump
/product/blackburn-core-pro-floor-pump-gray,/products/blackburn-core-pro-floor-pump
/products/blackburn-core-pro-floor-pump-gray,/products/blackburn-core-pro-floor-pump
/product/blackburn-countdown-1600-lumen-front-light,/products/blackburn-countdown-1600-lumen-front-light
/product/blackburn-dayblazer-125-rear,/products/blackburn-dayblazer-125-rear
/product/blackburn-dayblazer-400-and-click-rear,/products/blackburn-dayblazer-400-and-click-rear
/product/blackburn-dayblazer-400-front-and-click-usb-rear,/products/blackburn-dayblazer-400-and-click-rear
/products/blackburn-dayblazer-400-front-and-click-usb-rear,/products/blackburn-dayblazer-400-and-click-rear
/product/blackburn-dayblazer-400-front,/products/blackburn-dayblazer-400-front-light
/product/blackburn-dayblazer-400-front-light,/products/blackburn-dayblazer-400-front-light
/products/blackburn-dayblazer-400-front,/products/blackburn-dayblazer-400-front-light
/product/blackburn-dayblazer-65-rear,/products/blackburn-dayblazer-65-rear
/product/blackburn-dayblazer-800-front-light,/products/blackburn-dayblazer-800-front-light
/product/blackburn-dayblazer-800-front-and-dayblazer-65-rear,/products/blackburn-dayblazer-front-and-dayblazer-rear
/product/blackburn-dayblazer-front-and-dayblazer-rear,/products/blackburn-dayblazer-front-and-dayblazer-rear
/products/blackburn-dayblazer-800-front-and-dayblazer-65-rear,/products/blackburn-dayblazer-front-and-dayblazer-rear
/product/blackburn-grid-13-mini-tool-grey,/products/blackburn-grid-13-multi-tool
/product/blackburn-grid-13-multi-tool,/products/blackburn-grid-13-multi-tool
/products/blackburn-grid-13-mini-tool-grey,/products/blackburn-grid-13-multi-tool
/product/blackburn-grid-8-multi-tool,/products/blackburn-grid-8-multi-tool
/product/blackburn-grid-large-seat-bag,/products/blackburn-grid-large-seat-bag
/product/blackburn-grid-large-seat-bag-black,/products/blackburn-grid-large-seat-bag
/products/blackburn-grid-large-seat-bag-black,/products/blackburn-grid-large-seat-bag
/product/blackburn-grid-medium-seat-bag,/products/blackburn-grid-medium-seat-bag
/product/blackburn-grid-medium-seat-bag-black,/products/blackburn-grid-medium-seat-bag
/products/blackburn-grid-medium-seat-bag-black,/products/blackburn-grid-medium-seat-bag
/product/blackburn-grid-mtb-seat-bag,/products/blackburn-grid-mtb-seat-bag
/product/blackburn-grid-mtb-seat-bag-black,/products/blackburn-grid-mtb-seat-bag
/products/blackburn-grid-mtb-seat-bag-black,/products/blackburn-grid-mtb-seat-bag
/product/blackburn-grid-side-beacon-light-set,/products/blackburn-grid-side-beacon-light-set
/product/blackburn-grid-small-seat-bag,/products/blackburn-grid-small-seat-bag
/product/blackburn-grid-small-seat-bag-black,/products/blackburn-grid-small-seat-bag
/products/blackburn-grid-small-seat-bag-black,/products/blackburn-grid-small-seat-bag
/product/blackburn-helmet-mirror,/products/blackburn-helmet-mirror
/product/blackburn-honest-digital-gauge,/products/blackburn-honest-digital-gauge
/product/blackburn-honest-digital-guage,/products/blackburn-honest-digital-gauge
/products/blackburn-honest-digital-guage,/products/blackburn-honest-digital-gauge
/product/blackburn-local-u-lock,/products/blackburn-local-u-lock
/product/blackburn-luminate-360-light-set,/products/blackburn-luminate-360-light-set
/product/blackburn-luminate-360-light-set-black,/products/blackburn-luminate-360-light-set
/products/blackburn-luminate-360-light-set-black,/products/blackburn-luminate-360-light-set
/product/blackburn-mammoth-2stage-anyvalve-black,/products/blackburn-mammoth-2stage-anyvalve-mini-pump
/products/blackburn-mammoth-2stage-anyvalve-black,/products/blackburn-mammoth-2stage-anyvalve-mini-pump
/product/blackburn-mammoth-2stage-mini-pump,/products/blackburn-mammoth-2stage-mini-pump
/products/blackburn-mammoth-2stage-anyvalve-mini-pump,/products/blackburn-mammoth-2stage-mini-pump
/products/blackburn-mammoth-co2fer-mini-pump-silver,/products/blackburn-mammoth-co2fer-mini-pump
/product/blackburn-outpost-bike-and-camp-light,/products/blackburn-outpost-bike-and-camp-light
/product/blackburn-outpost-bike-and-camp-light-black,/products/blackburn-outpost-bike-and-camp-light
/products/blackburn-outpost-bike-and-camp-light-black,/products/blackburn-outpost-bike-and-camp-light
/product/blackburn-outpost-corner-frame-bag,/products/blackburn-outpost-corner-frame-bag
/product/blackburn-outpost-frame-bag,/products/blackburn-outpost-frame-bag
/product/blackburn-outpost-handlebar-roll-dry-bag,/products/blackburn-outpost-handlebar-roll-dry-bag
/product/blackburn-outpost-seat-pack-dry-bag,/products/blackburn-outpost-seat-pack-dry-bag
/product/blackburn-outpost-top-tube-bag,/products/blackburn-outpost-top-tube-bag
/product/blackburn-piston-1-floor-pump,/products/blackburn-piston-1-floor-pump
/product/blackburn-piston-4-floor-pump-silver,/products/blackburn-piston-4-floor-pump-silver
/product/blackburn-plugger-refill-replacement-tire-plugs,/products/blackburn-plugger-refill-tire-plugs
/product/blackburn-plugger-refill-tire-plugs,/products/blackburn-plugger-refill-tire-plugs
/products/blackburn-plugger-refill-replacement-tire-plugs,/products/blackburn-plugger-refill-tire-plugs
/product/blackburn-plugger-tire-repair-kit,/products/blackburn-plugger-tire-repair-kit
/product/blackburn-plugger-tubeless-tire-repair-kit,/products/blackburn-plugger-tire-repair-kit
/products/blackburn-plugger-tubeless-tire-repair-kit,/products/blackburn-plugger-tire-repair-kit
/product/blackburn-switch-wrap-multi-tool,/products/blackburn-switch-wrap-multi-tool
/product/blackburn-tradesman-multi-tool,/products/blackburn-tradesman-multi-tool
/product/blackburn-trainer-and-trailer-adapter-kit-1-5mm,/products/blackburn-trainer-and-trailer-adapter-kit-1-5mm
/product/blackburn-trainer-and-trailer-adapter-kit-1-75mm,/products/blackburn-trainer-and-trailer-adapter-kit-1-75mm
/product/blackburn-wayside-co2-inflator-with-cartridge,/products/blackburn-wayside-co2-inflator-with-cartridge
/product/blackburn-wayside-co2-thread-on-inflator,/products/blackburn-wayside-co2-thread-on-inflator
/product/blackburn-wayside-mtb-cage,/products/blackburn-wayside-mtb-cage
/products/blackburn-wayside-multi-tool-pewter,/products/blackburn-wayside-multi-tool
/product/blackburn-2fer-xl-front-or-rear-bike-light,/products/blackburn-xl-front-or-rear-light
/product/blackburn-xl-front-or-rear-light,/products/blackburn-xl-front-or-rear-light
/products/blackburn-2fer-xl-front-or-rear-bike-light,/products/blackburn-xl-front-or-rear-light